﻿Designator,Quantity,Value,Footprint,Package,MPN,DNP,Mount_Type,Description,Digi-Key_PN,Category,Family,DK_Datasheet_Link,DK_Detail_Page,Description_1,Manufacturer,Status
"C1, C3, C5",3,0.01uF,C_Disc_D5.0mm_W2.5mm_P5.00mm,,,,tht,"Unpolarized capacitor, small symbol",,,,,,,,
C2,1,1uF,CP_Radial_D5.0mm_P2.00mm,,,,tht,"Polarized capacitor, small US symbol",,,,,,,,
"C4, C6, C7",3,0.1uF,C_Disc_D5.0mm_W2.5mm_P5.00mm,,,,tht,"Unpolarized capacitor, small symbol",,,,,,,,
D1,1,Clk Out,LED_D5.0mm,,,,tht,Common 5mm diameter LED,,,,,,,,
"D2, D3",2,LED,LED_D5.0mm,,,,tht,Common 5mm diameter LED,,,,,,,,
J2,1,Clk Output,PinSocket_2x03_P2.54mm_Vertical,,,,tht,"Generic connector, double row, 02x03, odd/even pin numbering scheme (row 1 odd numbers, row 2 even numbers), script generated (kicad-library-utils/schlib/autogen/connector/)",,,,,,,,
J3,1,Clk Output,PinHeader_2x03_P2.54mm_Vertical,,,,tht,"Generic connector, double row, 02x03, odd/even pin numbering scheme (row 1 odd numbers, row 2 even numbers), script generated (kicad-library-utils/schlib/autogen/connector/)",,,,,,,,
"R1, R2, R3, R5, R6",5,1K,R_Axial_DIN0207_L6.3mm_D2.5mm_P10.16mm_Horizontal,,,,tht,Resistor,,,,,,,,
R4,1,1M,R_Axial_DIN0207_L6.3mm_D2.5mm_P10.16mm_Horizontal,,,,tht,Resistor,,,,,,,,
"R7, R8, R9",3,220,R_Axial_DIN0207_L6.3mm_D2.5mm_P10.16mm_Horizontal,,,,tht,Resistor,,,,,,,,
RV1,1,1M,Potentiometer_TT_P0915N,,,,tht,Potentiometer,,,,,,,,
SW1,1,Single Step,Terminal_Block_D1.3mm_P5mm,,,,tht,"Push button switch, generic, two pins",,,,,,,,
SW2,1,Clk Select,SW_Slide_SPDT_Straight_CK_OS102011MS2Q,,,,tht,"Switch, single pole double throw",,,,,,,,
"U1, U2, U3",3,NE555P,DIP-8_W7.62mm_Socket,,NE555P,,tht,IC OSC SINGLE TIMER 100KHZ 8-DIP,296-1411-5-ND,Integrated Circuits (ICs),Clock/Timing - Programmable Timers and Oscillators,http://www.ti.com/general/docs/suppproductinfo.tsp?distId=10&gotoUrl=http%3A%2F%2Fwww.ti.com%2Flit%2Fgpn%2Fne555,/product-detail/en/texas-instruments/NE555P/296-1411-5-ND/277057,IC OSC SINGLE TIMER 100KHZ 8-DIP,Texas Instruments,Active
U4,1,74HCT02,DIP-14_W7.62mm_Socket,,,,tht,quad 2-input NOR gate,,,,,,,,
U6,1,74LS08,DIP-14_W7.62mm_Socket,,,,tht,Quad And2,,,,,,,,
