﻿pos_x,pos_y,rotation,side,designator,mpn,pack,footprint,value,mount_type
57.0,-75.6,180.0,top,C1,,,C_Disc_D5.0mm_W2.5mm_P5.00mm,0.01uF,tht
45.7,-77.6,90.0,top,C2,,,CP_Radial_D5.0mm_P2.00mm,1uF,tht
79.9,-75.2,180.0,top,C3,,,C_Disc_D5.0mm_W2.5mm_P5.00mm,0.01uF,tht
68.2,-70.4,90.0,top,C4,,,C_Disc_D5.0mm_W2.5mm_P5.00mm,0.1uF,tht
101.4,-75.4,180.0,top,C5,,,C_Disc_D5.0mm_W2.5mm_P5.00mm,0.01uF,tht
83.68,-94.8,-90.0,top,C6,,,C_Disc_D5.0mm_W2.5mm_P5.00mm,0.1uF,tht
83.7,-81.6,-90.0,top,C7,,,C_Disc_D5.0mm_W2.5mm_P5.00mm,0.1uF,tht
116.29,-97.42,90.0,top,D1,,,LED_D5.0mm,Clk Out,tht
73.66,-95.8,0.0,top,D2,,,LED_D5.0mm,LED,tht
64.06,-95.6,0.0,top,D3,,,LED_D5.0mm,LED,tht
115.14,-66.06,0.0,top,J2,,,PinSocket_2x03_P2.54mm_Vertical,Clk Output,tht
112.46,-80.4,0.0,top,J3,,,PinHeader_2x03_P2.54mm_Vertical,Clk Output,tht
62.6,-63.32,-90.0,top,R1,,,R_Axial_DIN0207_L6.3mm_D2.5mm_P10.16mm_Horizontal,1K,tht
62.6,-79.12,-90.0,top,R2,,,R_Axial_DIN0207_L6.3mm_D2.5mm_P10.16mm_Horizontal,1K,tht
84.2,-73.68,90.0,top,R3,,,R_Axial_DIN0207_L6.3mm_D2.5mm_P10.16mm_Horizontal,1K,tht
67.4,-79.12,-90.0,top,R4,,,R_Axial_DIN0207_L6.3mm_D2.5mm_P10.16mm_Horizontal,1M,tht
105.8,-63.32,-90.0,top,R5,,,R_Axial_DIN0207_L6.3mm_D2.5mm_P10.16mm_Horizontal,1K,tht
89.2,-73.68,90.0,top,R6,,,R_Axial_DIN0207_L6.3mm_D2.5mm_P10.16mm_Horizontal,1K,tht
109.33,-101.5,90.0,top,R7,,,R_Axial_DIN0207_L6.3mm_D2.5mm_P10.16mm_Horizontal,220,tht
72.2,-89.2,90.0,top,R8,,,R_Axial_DIN0207_L6.3mm_D2.5mm_P10.16mm_Horizontal,220,tht
77.2,-79.12,-90.0,top,R9,,,R_Axial_DIN0207_L6.3mm_D2.5mm_P10.16mm_Horizontal,220,tht
54.2,-82.0,180.0,top,RV1,,,Potentiometer_TT_P0915N,1M,tht
50.84,-101.68,0.0,top,SW1,,,Terminal_Block_D1.3mm_P5mm,Single Step,tht
71.6,-103.8,180.0,top,SW2,,,SW_Slide_SPDT_Straight_CK_OS102011MS2Q,Clk Select,tht
50.79,-63.79,0.0,top,U1,NE555P,,DIP-8_W7.62mm_Socket,NE555P,tht
72.2,-63.8,0.0,top,U2,NE555P,,DIP-8_W7.62mm_Socket,NE555P,tht
93.79,-63.79,0.0,top,U3,NE555P,,DIP-8_W7.62mm_Socket,NE555P,tht
87.54,-102.42,90.0,top,U4,,,DIP-14_W7.62mm_Socket,74HCT02,tht
87.6,-89.22,90.0,top,U6,,,DIP-14_W7.62mm_Socket,74LS08,tht
